SET FOREIGN_KEY_CHECKS = 0;

DROP TABLE IF EXISTS `calls`;
DROP TABLE IF EXISTS `repayments`;
DROP TABLE IF EXISTS `payment_schedule`;
DROP TABLE IF EXISTS `disbursements`;
DROP TABLE IF EXISTS `applications`;
DROP TABLE IF EXISTS `borrowers`;
DROP TABLE IF EXISTS `vt_audit_log`;

CREATE TABLE IF NOT EXISTS `borrowers` (
    `id` INT UNSIGNED AUTO_INCREMENT PRIMARY KEY,
    `name` VARCHAR(255) NOT NULL,
    `dob` DATE DEFAULT NULL,
    `address1` VARCHAR(255) DEFAULT NULL,
    `work_phone` VARCHAR(50) DEFAULT NULL,
    `ledger_id` INT DEFAULT 0,
    `borrower_type_id` INT DEFAULT 0,
    `blacklisted` TINYINT(1) DEFAULT 0,
    `blacklist_date` DATE DEFAULT NULL,
    `blacklist_reason_id` INT DEFAULT 0,
    `country_id` INT DEFAULT 0,
    `uid` VARCHAR(100) DEFAULT NULL,
    `annual_income` DECIMAL(12,2) DEFAULT 0,
    `identification_type_id` VARCHAR(100) DEFAULT NULL,
    `address1b` VARCHAR(255) DEFAULT NULL,
    `address2` VARCHAR(255) DEFAULT NULL,
    `city` VARCHAR(255) DEFAULT NULL,
    `state` VARCHAR(255) DEFAULT NULL,
    `country` VARCHAR(255) DEFAULT NULL,
    `pincode` VARCHAR(50) DEFAULT NULL,
    `home_phone` VARCHAR(50) DEFAULT NULL,
    `hand_phone` VARCHAR(50) DEFAULT NULL,
    `sms_phone` VARCHAR(50) DEFAULT NULL,
    `email` VARCHAR(255) DEFAULT NULL,
    `alternate_email` VARCHAR(255) DEFAULT NULL,
    `blk` VARCHAR(50) DEFAULT NULL,
    `level` VARCHAR(50) DEFAULT NULL,
    `unit` VARCHAR(50) DEFAULT NULL,
    `street` VARCHAR(255) DEFAULT NULL,
    `building` VARCHAR(255) DEFAULT NULL,
    `designation` VARCHAR(255) DEFAULT NULL,
    `pass_type` VARCHAR(255) DEFAULT NULL,
    `residential_status` VARCHAR(255) DEFAULT NULL,
    `pass_status` VARCHAR(255) DEFAULT NULL,
    `country_of_birth` VARCHAR(255) DEFAULT NULL,
    `pass_expiry_date` DATE DEFAULT NULL,
    `mailing_address` VARCHAR(255) DEFAULT NULL,
    `billing_address` VARCHAR(255) DEFAULT NULL,
    `private_residential_property` TINYINT(1) DEFAULT 0,
    `type_of_hdb` VARCHAR(255) DEFAULT NULL,
    `type_of_housing` VARCHAR(255) DEFAULT NULL,
    `hdb_ownership_address` VARCHAR(255) DEFAULT NULL,
    `type_of_hdb_dwelling` VARCHAR(255) DEFAULT NULL,
    `vehicle_number` VARCHAR(50) DEFAULT NULL,
    `terms_of_lease` VARCHAR(255) DEFAULT NULL,
    `lease_commencement_date` DATE DEFAULT NULL,
    `sms_subscription` TINYINT(1) DEFAULT 0,
    `image` VARCHAR(255) DEFAULT NULL,
    `nok_name` VARCHAR(255) DEFAULT NULL,
    `nok_contact` VARCHAR(255) DEFAULT NULL,
    `nok_relation` VARCHAR(255) DEFAULT NULL,
    `remarks` TEXT,
    `borrower_remarks` TEXT,
    `bank_account_number` VARCHAR(255) DEFAULT NULL,
    `home_status` VARCHAR(255) DEFAULT NULL,
    `home_status_others` VARCHAR(255) DEFAULT NULL,
    `giro_bank` VARCHAR(255) DEFAULT NULL,
    `giro_bank_id` INT DEFAULT 0,
    `giro_branch` VARCHAR(255) DEFAULT NULL,
    `giro_account_number` VARCHAR(255) DEFAULT NULL,
    `giro_approval_date` DATE DEFAULT NULL,
    `dda_number` VARCHAR(255) DEFAULT NULL,
    `gender` VARCHAR(50) DEFAULT NULL,
    `marital_status` VARCHAR(50) DEFAULT NULL,
    `site_company` VARCHAR(255) DEFAULT NULL,
    `site_address` VARCHAR(255) DEFAULT NULL,
    `site_phone` VARCHAR(50) DEFAULT NULL,
    `rating` VARCHAR(50) DEFAULT NULL,
    `business_pincode` VARCHAR(50) DEFAULT NULL,
    `property_ownership` VARCHAR(255) DEFAULT NULL,
    `monthly_income` DECIMAL(12,2) DEFAULT 0,
    `2nd_monthly_income` DECIMAL(12,2) DEFAULT 0,
    `3rd_monthly_income` DECIMAL(12,2) DEFAULT 0,
    `past_6m_income` DECIMAL(12,2) DEFAULT 0,
    `ethnic_group_id` INT DEFAULT 0,
    `specialisation_code` VARCHAR(255) DEFAULT NULL,
    `position_code` VARCHAR(255) DEFAULT NULL,
    `country_address_id` INT DEFAULT 0,
    `other_specialisation` VARCHAR(255) DEFAULT NULL,
    `mlcb_last_os_principal` DECIMAL(12,2) DEFAULT 0,
    `mlcb_last_datetime_request` DATETIME DEFAULT NULL,
    `mlcb_last_no_of_loans` INT DEFAULT 0,
    `batch_number` VARCHAR(255) DEFAULT NULL,
    `credit_limit` DECIMAL(12,2) DEFAULT 0,
    `giro_remarks` VARCHAR(255) DEFAULT NULL,
    `txntype` VARCHAR(255) DEFAULT NULL,
    `proxyType` VARCHAR(255) DEFAULT NULL
) ENGINE=InnoDB DEFAULT CHARSET=utf8mb4;

CREATE TABLE IF NOT EXISTS `applications` (
    `id` INT UNSIGNED AUTO_INCREMENT PRIMARY KEY,
    `borrower_id` INT UNSIGNED NOT NULL,
    `vt_user_id` INT DEFAULT NULL,
    `account_number` VARCHAR(100) NOT NULL,
    `date` DATE DEFAULT NULL,
    `amount` DECIMAL(14,2) DEFAULT 0,
    `deleted` TINYINT(1) DEFAULT 0,
    `LenderId` INT DEFAULT 0,
    `surety_id` INT DEFAULT 0,
    `new_surety_id` INT DEFAULT 0,
    `surety2_id` INT DEFAULT 0,
    `surety3_id` INT DEFAULT 0,
    `surety4_id` INT DEFAULT 0,
    `loan_purpose_id` INT DEFAULT 0,
    `loan_type_id` VARCHAR(255) DEFAULT NULL,
    `SecureType` VARCHAR(255) DEFAULT NULL,
    `SecureValue` DECIMAL(14,2) DEFAULT 0,
    `SecureInfo` VARCHAR(255) DEFAULT NULL,
    `Remarks` TEXT,
    `loan_status_id` VARCHAR(255) DEFAULT NULL,
    `loan_status_date` DATE DEFAULT NULL,
    `record_of_location` VARCHAR(255) DEFAULT NULL,
    `agent_id` INT DEFAULT 0,
    `mlas_submission` TINYINT(1) DEFAULT 0,
    `dp_ref` VARCHAR(255) DEFAULT NULL,
    CONSTRAINT `fk_applications_borrowers` FOREIGN KEY (`borrower_id`) REFERENCES `borrowers`(`id`) ON DELETE CASCADE
) ENGINE=InnoDB DEFAULT CHARSET=utf8mb4;

CREATE TABLE IF NOT EXISTS `disbursements` (
    `id` INT UNSIGNED AUTO_INCREMENT PRIMARY KEY,
    `application_id` INT UNSIGNED NOT NULL,
    `account_number` VARCHAR(100) NOT NULL,
    `date` DATE DEFAULT NULL,
    `amount` DECIMAL(14,2) DEFAULT 0,
    `voucher_number` VARCHAR(255) DEFAULT NULL,
    `mlcb_application_id` INT DEFAULT 0,
    `imported_LonAppNo` VARCHAR(255) DEFAULT NULL,
    `account_number_prefix` VARCHAR(100) DEFAULT NULL,
    `account_number_suffix` VARCHAR(100) DEFAULT NULL,
    `PaymentMode` VARCHAR(100) DEFAULT NULL,
    `PMDate` DATE DEFAULT NULL,
    `transaction_number` VARCHAR(255) DEFAULT NULL,
    `transaction_number1` VARCHAR(255) DEFAULT NULL,
    `PMBankName` VARCHAR(255) DEFAULT NULL,
    `interest_rate` DECIMAL(8,2) DEFAULT 0,
    `interest_frequency_id` VARCHAR(50) DEFAULT NULL,
    `InterestFrom` VARCHAR(255) DEFAULT NULL,
    `eir` DECIMAL(8,2) DEFAULT 0,
    `irr` DECIMAL(8,2) DEFAULT 0,
    `GracePeriod` INT DEFAULT 0,
    `GraceType` VARCHAR(50) DEFAULT NULL,
    `interest_calculation_method_id` VARCHAR(50) DEFAULT NULL,
    `installment_count` INT DEFAULT 0,
    `FreqencyNo` INT DEFAULT 0,
    `payment_frequency_id` VARCHAR(50) DEFAULT NULL,
    `ModeOfPayment` VARCHAR(50) DEFAULT NULL,
    `OverPayment` DECIMAL(14,2) DEFAULT 0,
    `late_interest_rate` DECIMAL(8,2) DEFAULT 0,
    `first_payment_date` DATE DEFAULT NULL,
    `second_payment_date` DATE DEFAULT NULL,
    `last_payment_date` DATE DEFAULT NULL,
    `Remarks` TEXT,
    `LenderId` INT DEFAULT 0,
    `Approved` VARCHAR(50) DEFAULT NULL,
    `status` VARCHAR(50) DEFAULT NULL,
    `payment_type_id` INT DEFAULT 0,
    `EMICal` VARCHAR(50) DEFAULT NULL,
    `book_id` INT DEFAULT 0,
    `Rest` VARCHAR(50) DEFAULT NULL,
    `MailAddress` VARCHAR(255) DEFAULT NULL,
    `language_code` VARCHAR(50) DEFAULT NULL,
    `terms_and_conditions` TEXT,
    `book_amount` DECIMAL(14,2) DEFAULT 0,
    `book_amount1` DECIMAL(14,2) DEFAULT 0,
    `book_id1` INT DEFAULT 0,
    `payment_type_id1` INT DEFAULT 0,
    `voucher_number1` VARCHAR(255) DEFAULT NULL,
    `PMDate1` DATE DEFAULT NULL,
    `deprecated_agent_principal_share` DECIMAL(14,2) DEFAULT 0,
    `deprecated_agent_interest_share` DECIMAL(14,2) DEFAULT 0,
    `deprecated_agent_late_fee_share` DECIMAL(14,2) DEFAULT 0,
    `deprecated_agent_late_interest_share` DECIMAL(14,2) DEFAULT 0,
    `acceptance_fee` DECIMAL(14,2) DEFAULT 0,
    `late_repayment_fee` DECIMAL(14,2) DEFAULT 0,
    `legal_fee` DECIMAL(14,2) DEFAULT 0,
    `renewal_fee` DECIMAL(14,2) DEFAULT 0,
    `contract_variation_fee` DECIMAL(14,2) DEFAULT 0,
    `cheque_dishonour_fee` DECIMAL(14,2) DEFAULT 0,
    `termination_fee` DECIMAL(14,2) DEFAULT 0,
    `acceptance_fee_percent` DECIMAL(8,2) DEFAULT 0,
    `renewal_fee_percent` DECIMAL(8,2) DEFAULT 0,
    `late_fee` DECIMAL(14,2) DEFAULT 0,
    `late_fee_percent` DECIMAL(8,2) DEFAULT 0,
    `contract_variation_fee_percent` DECIMAL(8,2) DEFAULT 0,
    `cheque_dishonour_fee_percent` DECIMAL(8,2) DEFAULT 0,
    `termination_fee_percent` DECIMAL(8,2) DEFAULT 0,
    `legal_fee_percent` DECIMAL(8,2) DEFAULT 0,
    `CollectionFees_unknown` DECIMAL(14,2) DEFAULT 0,
    `CollectionFeesP_unknown` DECIMAL(14,2) DEFAULT 0,
    `late_repayment_fee_percent` DECIMAL(8,2) DEFAULT 0,
    `borrower_annual_income` DECIMAL(14,2) DEFAULT 0,
    `security_details` VARCHAR(255) DEFAULT NULL,
    `bank` VARCHAR(255) DEFAULT NULL,
    `un_search_remarks` VARCHAR(255) DEFAULT NULL,
    `un_search_datetime` DATETIME DEFAULT NULL,
    `borrower_bank_account_number` VARCHAR(255) DEFAULT NULL,
    `giro_bank` VARCHAR(255) DEFAULT NULL,
    `giro_bank_id` INT DEFAULT 0,
    `giro_branch` VARCHAR(255) DEFAULT NULL,
    `giro_account_number` VARCHAR(255) DEFAULT NULL,
    `giro_approval_date` DATE DEFAULT NULL,
    `dda_number` VARCHAR(255) DEFAULT NULL,
    `giro_approval_time` TIME DEFAULT NULL,
    `giro_remarks` VARCHAR(255) DEFAULT NULL,
    `paynow_status` VARCHAR(50) DEFAULT NULL,
    `created_at` DATETIME DEFAULT NULL,
    `updated_at` DATETIME DEFAULT NULL,
    CONSTRAINT `fk_disbursements_applications` FOREIGN KEY (`application_id`) REFERENCES `applications`(`id`) ON DELETE CASCADE
) ENGINE=InnoDB DEFAULT CHARSET=utf8mb4;

CREATE TABLE IF NOT EXISTS `payment_schedule` (
    `id` INT UNSIGNED AUTO_INCREMENT PRIMARY KEY,
    `application_id` INT UNSIGNED NOT NULL,
    `disbursement_id` INT UNSIGNED DEFAULT NULL,
    `date` DATE DEFAULT NULL,
    `amount` DECIMAL(14,2) DEFAULT 0,
    `principal` DECIMAL(14,2) DEFAULT 0,
    `interest` DECIMAL(14,2) DEFAULT 0,
    `late_fee` DECIMAL(14,2) DEFAULT 0,
    `late_interest` DECIMAL(14,2) DEFAULT 0,
    `legal_fee` DECIMAL(14,2) DEFAULT 0,
    `renewal_fee` DECIMAL(14,2) DEFAULT 0,
    `contract_variation_fee` DECIMAL(14,2) DEFAULT 0,
    `cheque_dishonour_fee` DECIMAL(14,2) DEFAULT 0,
    `termination_fee` DECIMAL(14,2) DEFAULT 0,
    `google_calendar_url` VARCHAR(255) DEFAULT NULL,
    `skip` TINYINT(1) DEFAULT 0,
    `deleted` TINYINT(1) DEFAULT 0,
    CONSTRAINT `fk_payment_schedule_applications` FOREIGN KEY (`application_id`) REFERENCES `applications`(`id`) ON DELETE CASCADE,
    CONSTRAINT `fk_payment_schedule_disbursement` FOREIGN KEY (`disbursement_id`) REFERENCES `disbursements`(`id`) ON DELETE SET NULL
) ENGINE=InnoDB DEFAULT CHARSET=utf8mb4;

CREATE TABLE IF NOT EXISTS `repayments` (
    `id` INT UNSIGNED AUTO_INCREMENT PRIMARY KEY,
    `application_id` INT UNSIGNED NOT NULL,
    `disbursement_id` INT UNSIGNED DEFAULT NULL,
    `account_number` VARCHAR(100) NOT NULL,
    `date` DATE DEFAULT NULL,
    `amount` DECIMAL(14,2) DEFAULT 0,
    `principal` DECIMAL(14,2) DEFAULT 0,
    `interest` DECIMAL(14,2) DEFAULT 0,
    `late_fee` DECIMAL(14,2) DEFAULT 0,
    `late_interest` DECIMAL(14,2) DEFAULT 0,
    `deleted` TINYINT(1) DEFAULT 0,
    `voucher_number` VARCHAR(255) DEFAULT NULL,
    `payer_type_id` VARCHAR(50) DEFAULT NULL,
    `other_payer_name` VARCHAR(255) DEFAULT NULL,
    `other_payer_address` VARCHAR(255) DEFAULT NULL,
    `other_payer_uid` VARCHAR(255) DEFAULT NULL,
    `PaymentMode` VARCHAR(100) DEFAULT NULL,
    `PayDetDate` DATE DEFAULT NULL,
    `transaction_number` VARCHAR(255) DEFAULT NULL,
    `PayDetBank` VARCHAR(255) DEFAULT NULL,
    `remarks` TEXT,
    `RegularPay` DECIMAL(14,2) DEFAULT 0,
    `paid_principal` DECIMAL(14,2) DEFAULT 0,
    `paid_interest` DECIMAL(14,2) DEFAULT 0,
    `PrincipalAdj` DECIMAL(14,2) DEFAULT 0,
    `InterestAdj` DECIMAL(14,2) DEFAULT 0,
    `AmountAdj` DECIMAL(14,2) DEFAULT 0,
    `permit_fee` DECIMAL(14,2) DEFAULT 0,
    `acceptance_fee` DECIMAL(14,2) DEFAULT 0,
    `renewal_fee` DECIMAL(14,2) DEFAULT 0,
    `contract_variation_fee` DECIMAL(14,2) DEFAULT 0,
    `cheque_dishonoured_fee` DECIMAL(14,2) DEFAULT 0,
    `termination_fee` DECIMAL(14,2) DEFAULT 0,
    `legal_fee` DECIMAL(14,2) DEFAULT 0,
    `compound_interest` DECIMAL(14,2) DEFAULT 0,
    `interest_growth` DECIMAL(14,2) DEFAULT 0,
    `LenderID` INT DEFAULT 0,
    `RegularPrincipal` DECIMAL(14,2) DEFAULT 0,
    `RegularInterest` DECIMAL(14,2) DEFAULT 0,
    `AmountPrincipal` DECIMAL(14,2) DEFAULT 0,
    `receipt_number` VARCHAR(255) DEFAULT NULL,
    `outstanding_principal` DECIMAL(14,2) DEFAULT 0,
    `NoofLateDays` INT DEFAULT 0,
    `NoofLatePayment` INT DEFAULT 0,
    `cheque_dishonour` TINYINT(1) DEFAULT 0,
    `payment_type_id` INT DEFAULT 0,
    `book_id` INT DEFAULT 0,
    `CollectionFees` DECIMAL(14,2) DEFAULT 0,
    `created_on` DATETIME DEFAULT NULL,
    `mlcb_paystt` VARCHAR(255) DEFAULT NULL,
    `dbspayment_id` INT DEFAULT 0,
    CONSTRAINT `fk_repayments_applications` FOREIGN KEY (`application_id`) REFERENCES `applications`(`id`) ON DELETE CASCADE,
    CONSTRAINT `fk_repayments_disbursements` FOREIGN KEY (`disbursement_id`) REFERENCES `disbursements`(`id`) ON DELETE SET NULL
) ENGINE=InnoDB DEFAULT CHARSET=utf8mb4;

CREATE TABLE IF NOT EXISTS `calls` (
    `id` INT UNSIGNED AUTO_INCREMENT PRIMARY KEY,
    `application_id` INT UNSIGNED NOT NULL,
    `disbursement_id` INT UNSIGNED DEFAULT NULL,
    `payment_schedule_id` INT UNSIGNED DEFAULT NULL,
    `date` DATE DEFAULT NULL,
    `next_call_date` DATE DEFAULT NULL,
    `remarks` TEXT,
    `action_code_id` INT DEFAULT 0,
    `google_calendar_url` VARCHAR(255) DEFAULT NULL,
    `deleted` TINYINT(1) DEFAULT 0,
    CONSTRAINT `fk_calls_applications` FOREIGN KEY (`application_id`) REFERENCES `applications`(`id`) ON DELETE CASCADE,
    CONSTRAINT `fk_calls_disbursement` FOREIGN KEY (`disbursement_id`) REFERENCES `disbursements`(`id`) ON DELETE SET NULL,
    CONSTRAINT `fk_calls_payment_schedule` FOREIGN KEY (`payment_schedule_id`) REFERENCES `payment_schedule`(`id`) ON DELETE SET NULL
) ENGINE=InnoDB DEFAULT CHARSET=utf8mb4;

CREATE TABLE IF NOT EXISTS `vt_audit_log` (
    `id` INT UNSIGNED AUTO_INCREMENT PRIMARY KEY,
    `user_type` VARCHAR(50) DEFAULT NULL,
    `user_id` VARCHAR(50) DEFAULT NULL,
    `controller` VARCHAR(255) DEFAULT NULL,
    `method` VARCHAR(255) DEFAULT NULL,
    `params` JSON DEFAULT NULL,
    `request_method` VARCHAR(20) DEFAULT NULL,
    `audit_info` TEXT,
    `url` VARCHAR(255) DEFAULT NULL,
    `request_uri` VARCHAR(255) DEFAULT NULL,
    `last_insert_id` VARCHAR(255) DEFAULT NULL
) ENGINE=InnoDB DEFAULT CHARSET=utf8mb4;

INSERT INTO `borrowers` (`id`, `name`, `dob`, `address1`, `work_phone`, `ledger_id`, `borrower_type_id`, `blacklisted`, `blacklist_date`, `blacklist_reason_id`, `country_id`, `uid`, `annual_income`, `identification_type_id`, `address1b`, `address2`, `city`, `state`, `country`, `pincode`, `home_phone`, `hand_phone`, `sms_phone`, `email`, `alternate_email`, `blk`, `level`, `unit`, `street`, `building`, `designation`, `pass_type`, `residential_status`, `pass_status`, `country_of_birth`, `pass_expiry_date`, `mailing_address`, `billing_address`, `private_residential_property`, `type_of_hdb`, `type_of_housing`, `hdb_ownership_address`, `type_of_hdb_dwelling`, `vehicle_number`, `terms_of_lease`, `lease_commencement_date`, `sms_subscription`, `image`, `nok_name`, `nok_contact`, `nok_relation`, `remarks`, `borrower_remarks`, `bank_account_number`, `home_status`, `home_status_others`, `giro_bank`, `giro_bank_id`, `giro_branch`, `giro_account_number`, `giro_approval_date`, `dda_number`, `gender`, `marital_status`, `site_company`, `site_address`, `site_phone`, `rating`, `business_pincode`, `property_ownership`, `monthly_income`, `2nd_monthly_income`, `3rd_monthly_income`, `past_6m_income`, `ethnic_group_id`, `specialisation_code`, `position_code`, `country_address_id`, `other_specialisation`, `mlcb_last_os_principal`, `mlcb_last_datetime_request`, `mlcb_last_no_of_loans`, `batch_number`, `credit_limit`, `giro_remarks`, `txntype`, `proxyType`) VALUES
  (1, 'Alice Tan', '1992-07-14', '123 Orchard Rd, #05-01', '6581234567', 0, 0, 0, '2024-01-01', 0, 0, 'uid', 0, 'identifi', 'address1', 'address2', 'city', 'state', 'country', 'pincode', 'home_pho', 'hand_pho', 'sms_phon', 'email', 'alternat', 'blk', 'level', 'unit', 'street', 'building', 'designat', 'pass_typ', 'resident', 'pass_sta', 'country_', '2024-01-01', 'mailing_', 'billing_', 0, 'type_of_', 'type_of_', 'hdb_owne', 'type_of_', 'vehicle_', 'terms_of', '2024-01-01', 0, 'image', 'nok_name', 'nok_cont', 'nok_rela', 'remarks', 'borrower', 'bank_acc', 'home_sta', 'home_sta', 'giro_ban', 0, 'giro_bra', 'giro_acc', '2024-01-01', 'dda_numb', 'gender', 'marital_', 'site_com', 'site_add', 'site_pho', 'rating', 'business', 'property', 0, 0, 0, 0, 0, 'speciali', 'position', 0, 'other_sp', 0, '2024-01-01 00:00:00', 0, 'batch_nu', 0, 'giro_rem', 'txntype', 'proxyTyp'),
  (2, 'Budi Santoso', '1988-11-03', '88 Tanjong Pagar, #10-08', '6592345678', 0, 0, 0, '2024-01-01', 0, 0, 'uid', 0, 'identifi', 'address1', 'address2', 'city', 'state', 'country', 'pincode', 'home_pho', 'hand_pho', 'sms_phon', 'email', 'alternat', 'blk', 'level', 'unit', 'street', 'building', 'designat', 'pass_typ', 'resident', 'pass_sta', 'country_', '2024-01-01', 'mailing_', 'billing_', 0, 'type_of_', 'type_of_', 'hdb_owne', 'type_of_', 'vehicle_', 'terms_of', '2024-01-01', 0, 'image', 'nok_name', 'nok_cont', 'nok_rela', 'remarks', 'borrower', 'bank_acc', 'home_sta', 'home_sta', 'giro_ban', 0, 'giro_bra', 'giro_acc', '2024-01-01', 'dda_numb', 'gender', 'marital_', 'site_com', 'site_add', 'site_pho', 'rating', 'business', 'property', 0, 0, 0, 0, 0, 'speciali', 'position', 0, 'other_sp', 0, '2024-01-01 00:00:00', 0, 'batch_nu', 0, 'giro_rem', 'txntype', 'proxyTyp'),
  (3, 'Chong Wei', '1990-02-21', '5 Ang Mo Kio Ave 3, #02-12', '6583456789', 0, 0, 0, '2024-01-01', 0, 0, 'uid', 0, 'identifi', 'address1', 'address2', 'city', 'state', 'country', 'pincode', 'home_pho', 'hand_pho', 'sms_phon', 'email', 'alternat', 'blk', 'level', 'unit', 'street', 'building', 'designat', 'pass_typ', 'resident', 'pass_sta', 'country_', '2024-01-01', 'mailing_', 'billing_', 0, 'type_of_', 'type_of_', 'hdb_owne', 'type_of_', 'vehicle_', 'terms_of', '2024-01-01', 0, 'image', 'nok_name', 'nok_cont', 'nok_rela', 'remarks', 'borrower', 'bank_acc', 'home_sta', 'home_sta', 'giro_ban', 0, 'giro_bra', 'giro_acc', '2024-01-01', 'dda_numb', 'gender', 'marital_', 'site_com', 'site_add', 'site_pho', 'rating', 'business', 'property', 0, 0, 0, 0, 0, 'speciali', 'position', 0, 'other_sp', 0, '2024-01-01 00:00:00', 0, 'batch_nu', 0, 'giro_rem', 'txntype', 'proxyTyp');

INSERT INTO `applications` (`id`, `borrower_id`, `vt_user_id`, `account_number`, `date`, `amount`, `deleted`, `LenderId`, `surety_id`, `new_surety_id`, `surety2_id`, `surety3_id`, `surety4_id`, `loan_purpose_id`, `loan_type_id`, `SecureType`, `SecureValue`, `SecureInfo`, `Remarks`, `loan_status_id`, `loan_status_date`, `record_of_location`, `agent_id`, `mlas_submission`, `dp_ref`) VALUES
  (1001, 1, 1, 'ACC-0001', '2024-03-01', 5000.0, 0, 0, 0, 0, 0, 0, 0, 0, 'loan_typ', 'SecureTy', 0, 'SecureIn', 'Remarks', 'loan_sta', '2024-01-01', 'record_o', 0, 0, 'dp_ref'),
  (1002, 2, 1, 'ACC-0002', '2024-04-15', 12000.0, 0, 0, 0, 0, 0, 0, 0, 0, 'loan_typ', 'SecureTy', 0, 'SecureIn', 'Remarks', 'loan_sta', '2024-01-01', 'record_o', 0, 0, 'dp_ref');

INSERT INTO `disbursements` (`id`, `application_id`, `account_number`, `date`, `amount`, `voucher_number`, `mlcb_application_id`, `imported_LonAppNo`, `account_number_prefix`, `account_number_suffix`, `PaymentMode`, `PMDate`, `transaction_number`, `transaction_number1`, `PMBankName`, `interest_rate`, `interest_frequency_id`, `InterestFrom`, `eir`, `irr`, `GracePeriod`, `GraceType`, `interest_calculation_method_id`, `installment_count`, `FreqencyNo`, `payment_frequency_id`, `ModeOfPayment`, `OverPayment`, `late_interest_rate`, `first_payment_date`, `second_payment_date`, `last_payment_date`, `Remarks`, `LenderId`, `Approved`, `status`, `payment_type_id`, `EMICal`, `book_id`, `Rest`, `MailAddress`, `language_code`, `terms_and_conditions`, `book_amount`, `book_amount1`, `book_id1`, `payment_type_id1`, `voucher_number1`, `PMDate1`, `deprecated_agent_principal_share`, `deprecated_agent_interest_share`, `deprecated_agent_late_fee_share`, `deprecated_agent_late_interest_share`, `acceptance_fee`, `late_repayment_fee`, `legal_fee`, `renewal_fee`, `contract_variation_fee`, `cheque_dishonour_fee`, `termination_fee`, `acceptance_fee_percent`, `renewal_fee_percent`, `late_fee`, `late_fee_percent`, `contract_variation_fee_percent`, `cheque_dishonour_fee_percent`, `termination_fee_percent`, `legal_fee_percent`, `CollectionFees_unknown`, `CollectionFeesP_unknown`, `late_repayment_fee_percent`, `borrower_annual_income`, `security_details`, `bank`, `un_search_remarks`, `un_search_datetime`, `borrower_bank_account_number`, `giro_bank`, `giro_bank_id`, `giro_branch`, `giro_account_number`, `giro_approval_date`, `dda_number`, `giro_approval_time`, `giro_remarks`, `paynow_status`, `created_at`, `updated_at`) VALUES
  (5001, 1001, 'ACC-0001', '2024-03-05', 5000.0, 'voucher_', 0, 'imported', 'account_', 'account_', 'PaymentM', '2024-01-01', 'transact', 'transact', 'PMB', 0, 'i', 'Interest', 0, 0, 0, 'G', 'i', 0, 0, 'p', 'Mod', 'OverP', 0, '2024-01-01', '2024-01-01', '2024-01-01', 'Remarks', 0, 'Appro', 'statu', 0, 0, 0, 'R', 'MailAddr', 'languag', 'terms_an', 0, 0, 0, 0, 'voucher_', '2024-01-01', 0, 0, 0, 0, 0, 0, 0, 0, 0, 0, 0, 0, 0, 0, 0, 0, 0, 0, 0, 0, 0, 0, 0, 'security', 'bank', 'un_searc', '2024-01-01 00:00:00', 'borrower', 'giro_ban', 0, 'giro_bra', 'giro_acc', '2024-01-01', 'dda_numb', 0, 'giro_rem', 'paynow_s', '2024-01-01 00:00:00', '2024-01-01 00:00:00'),
  (5002, 1002, 'ACC-0002', '2024-04-20', 12000.0, 'voucher_', 0, 'imported', 'account_', 'account_', 'PaymentM', '2024-01-01', 'transact', 'transact', 'PMB', 0, 'i', 'Interest', 0, 0, 0, 'G', 'i', 0, 0, 'p', 'Mod', 'OverP', 0, '2024-01-01', '2024-01-01', '2024-01-01', 'Remarks', 0, 'Appro', 'statu', 0, 0, 0, 'R', 'MailAddr', 'languag', 'terms_an', 0, 0, 0, 0, 'voucher_', '2024-01-01', 0, 0, 0, 0, 0, 0, 0, 0, 0, 0, 0, 0, 0, 0, 0, 0, 0, 0, 0, 0, 0, 0, 0, 'security', 'bank', 'un_searc', '2024-01-01 00:00:00', 'borrower', 'giro_ban', 0, 'giro_bra', 'giro_acc', '2024-01-01', 'dda_numb', 0, 'giro_rem', 'paynow_s', '2024-01-01 00:00:00', '2024-01-01 00:00:00');

INSERT INTO `payment_schedule` (`id`, `application_id`, `disbursement_id`, `date`, `amount`, `principal`, `interest`, `late_fee`, `late_interest`, `legal_fee`, `renewal_fee`, `contract_variation_fee`, `cheque_dishonour_fee`, `termination_fee`, `google_calendar_url`, `skip`, `deleted`) VALUES
  (7001, 1001, 5001, '2024-04-05', 2600.0, 2500.0, 100.0, 0.0, 0.0, 0.0, 0.0, 0.0, 0.0, 0.0, 'https://example.com/ps/7001', 0, 0),
  (7002, 1001, 5001, '2024-05-05', 2600.0, 2500.0, 100.0, 0.0, 0.0, 0.0, 0.0, 0.0, 0.0, 0.0, 'https://example.com/ps/7002', 0, 0),
  (7003, 1002, 5002, '2024-05-20', 6100.0, 6000.0, 100.0, 0.0, 0.0, 0.0, 0.0, 0.0, 0.0, 0.0, 'https://example.com/ps/7003', 0, 0);

INSERT INTO `repayments` (`id`, `application_id`, `disbursement_id`, `account_number`, `date`, `amount`, `principal`, `interest`, `late_fee`, `late_interest`, `deleted`, `voucher_number`, `payer_type_id`, `other_payer_name`, `other_payer_address`, `other_payer_uid`, `PaymentMode`, `PayDetDate`, `transaction_number`, `PayDetBank`, `remarks`, `RegularPay`, `paid_principal`, `paid_interest`, `PrincipalAdj`, `InterestAdj`, `AmountAdj`, `permit_fee`, `acceptance_fee`, `renewal_fee`, `contract_variation_fee`, `cheque_dishonoured_fee`, `termination_fee`, `legal_fee`, `compound_interest`, `interest_growth`, `LenderID`, `RegularPrincipal`, `RegularInterest`, `AmountPrincipal`, `receipt_number`, `outstanding_principal`, `NoofLateDays`, `NoofLatePayment`, `cheque_dishonour`, `payment_type_id`, `book_id`, `CollectionFees`, `created_on`, `mlcb_paystt`, `dbspayment_id`) VALUES
  (8001, 1001, 5001, 'ACC-0001', '2024-04-04', 2600.0, 2500.0, 100.0, 0.0, 0.0, 0, 0, 'p', 'other_pa', 'other_pa', 'other_pa', 'PaymentM', '2024-01-01', 'transact', 'PayDetBa', 'remarks', 0, 0, 0, 0, 0, 0, 0, 0, 0, 0, 0, 0, 0, 0, 0, 0, 0, 0, 0, 0, 'receipt_', 0, 0, 0, 0, 0, 0, 0, '2024-01-01 00:00:00', 'mlcb_pay', 0),
  (8002, 1002, 5002, 'ACC-0002', '2024-05-19', 6100.0, 6000.0, 100.0, 0.0, 0.0, 0, 0, 'p', 'other_pa', 'other_pa', 'other_pa', 'PaymentM', '2024-01-01', 'transact', 'PayDetBa', 'remarks', 0, 0, 0, 0, 0, 0, 0, 0, 0, 0, 0, 0, 0, 0, 0, 0, 0, 0, 0, 0, 'receipt_', 0, 0, 0, 0, 0, 0, 0, '2024-01-01 00:00:00', 'mlcb_pay', 0);

INSERT INTO `calls` (`id`, `application_id`, `disbursement_id`, `payment_schedule_id`, `date`, `next_call_date`, `remarks`, `action_code_id`, `google_calendar_url`, `deleted`) VALUES
  (9001, 1001, 5001, 7001, '2024-03-28', '2024-04-03', 'Reminder call', 1, 'https://example.com/calls/9001', 0),
  (9002, 1002, 5002, 7003, '2024-05-10', '2024-05-15', 'Payment plan follow-up', 1, 'https://example.com/calls/9002', 0);

INSERT INTO `vt_audit_log` (`id`, `user_type`, `user_id`, `controller`, `method`, `params`, `request_method`, `audit_info`, `url`, `request_uri`, `last_insert_id`) VALUES
  (10001, 'staff', '1', 'Seed', 'insert', '{}', 'POST', 'seed data', 'http://localhost/seed', '/seed', '1002'),
  (10002, 'staff', '1', 'Seed', 'insert', '{}', 'POST', 'seed data 2', 'http://localhost/seed', '/seed', '1003');

SET FOREIGN_KEY_CHECKS = 1;
